abelcheung      =   Abel Cheung <abelcheung@gmail.com>
cauchy.song     =   Cauchy Song<cauchy.song@gmail.com>
daijun          =   Rock Sun <daijun@gmail.com>
db.lobster      =   Lobster DB <db.lobster@gmail.com>
dongsheng.song  =   Dongsheng Song <dongsheng.song@gmail.com>
DorianDeng      =   DorianDeng <doriandeng@gmail.com>
lidaobing       =   LI Daobing <lidaobing@gmail.com>
netjedi99       =   netjedi <netjedi99@gmail.com>
saimei.su       =   Saimei Su <saimei.su@gmail.com>
xieyanbo        =   Xie Yanbo <xieyanbo@gmail.com>
yubao.liu       =   Liu Yubao <yubao.liu@gmail.com>
zn.icefire      =   Nan Zhang <zn.icefire@gmail.com>
zuxy.meng       =   Zuxy <zuxy.meng@gmail.com>
zyangmath       =   Yang Zhang <zyangmath@gmail.com>
